{
  "session": "LSD_001",
  "timestamp": "2025-12-29T21:20:12.690068",
  "data_size": 1619902,
  "n_markets": 72791,
  "hypotheses_tested": {
    "EXT-001": {
      "early_yes": {
        "name": "Early YES Majority",
        "n": 7194,
        "win_rate": 0.33694745621351124,
        "avg_price": 35.391519734984115,
        "breakeven": 0.35391519734984117,
        "edge": -0.016967741136329928,
        "p_value": 0.9986922222501058,
        "flag": "False",
        "flag_reason": null
      },
      "early_no": {
        "name": "Early NO Majority",
        "n": 2708,
        "win_rate": 0.593426883308715,
        "avg_price": 58.40602546232006,
        "breakeven": 0.5840602546232005,
        "edge": 0.009366628685514411,
        "p_value": 0.1613497848809513,
        "flag": "False",
        "flag_reason": null
      }
    },
    "EXT-002": {
      "name": "Steam Cascade (Follow)",
      "n": 1921,
      "win_rate": 0.5606454971369078,
      "edge": 0.06064549713690781,
      "flag": true
    },
    "EXT-003": {
      "rlm_no": {
        "name": "RLM -> Bet NO",
        "n": 1986,
        "win_rate": 0.9018126888217523,
        "avg_price": 72.80015633106328,
        "breakeven": 0.7280015633106328,
        "edge": 0.17381112551111944,
        "p_value": 0.0,
        "flag": "True",
        "flag_reason": "POTENTIAL EDGE >5%"
      },
      "rlm_yes": {
        "name": "RLM -> Bet YES",
        "n": 186,
        "win_rate": 0.7311827956989247,
        "avg_price": 63.109435458719176,
        "breakeven": 0.6310943545871918,
        "edge": 0.10008844111173298,
        "p_value": 0.002334558952167387,
        "flag": "True",
        "flag_reason": "POTENTIAL EDGE >5%"
      }
    },
    "EXT-004": {
      "vpin_yes": {
        "name": "High Imbalance YES Flow",
        "n": 3047,
        "win_rate": 0.3045618641286511,
        "avg_price": 33.509584918563526,
        "breakeven": 0.3350958491856353,
        "edge": -0.03053398505698418,
        "p_value": 0.9998219986439095,
        "flag": "False",
        "flag_reason": null
      },
      "vpin_no": {
        "name": "High Imbalance NO Flow",
        "n": 369,
        "win_rate": 0.7506775067750677,
        "avg_price": 72.85051991330268,
        "breakeven": 0.7285051991330268,
        "edge": 0.022172307642040923,
        "p_value": 0.16910841592975,
        "flag": "False",
        "flag_reason": null
      }
    },
    "EXT-005": {
      "reversal_no": {
        "name": "Reversal to NO",
        "n": 325,
        "win_rate": 0.7138461538461538,
        "avg_price": 60.73891660137167,
        "breakeven": 0.6073891660137167,
        "edge": 0.10645698783243707,
        "p_value": 4.245911653155687e-05,
        "flag": "True",
        "flag_reason": "POTENTIAL EDGE >5%"
      },
      "reversal_yes": {
        "name": "Reversal to YES",
        "n": 150,
        "win_rate": 0.44666666666666666,
        "avg_price": 43.48219767888493,
        "breakeven": 0.4348219767888493,
        "edge": 0.011844689877817338,
        "p_value": 0.384901949221654,
        "flag": "False",
        "flag_reason": null
      }
    },
    "EXT-006": {
      "fade_yes": {
        "name": "Fade Surprise (bet YES)",
        "n": 1162,
        "win_rate": 0.3373493975903614,
        "avg_price": 40.70733327518214,
        "breakeven": 0.4070733327518214,
        "edge": -0.06972393516145997,
        "p_value": 0.9999993435875987,
        "flag": "False",
        "flag_reason": null
      },
      "fade_no": {
        "name": "Fade Surprise (bet NO)",
        "n": 1102,
        "win_rate": 0.4673321234119782,
        "avg_price": 50.143668979032626,
        "breakeven": 0.5014366897903263,
        "edge": -0.03410456637834808,
        "p_value": 0.988222349669651,
        "flag": "False",
        "flag_reason": null
      }
    },
    "LSD-001": {
      "fib_no": {
        "name": "Fib + NO Majority",
        "n": 1899,
        "win_rate": 0.688783570300158,
        "avg_price": 68.8752073216224,
        "breakeven": 0.688752073216224,
        "edge": 3.1497083934017844e-05,
        "p_value": 0.4988173463768225,
        "flag": "False",
        "flag_reason": null
      },
      "fib_yes": {
        "name": "Fib + YES Majority",
        "n": 62620,
        "win_rate": 0.11593740019163207,
        "avg_price": 14.569720198104035,
        "breakeven": 0.14569720198104036,
        "edge": -0.02975980178940829,
        "p_value": 1.0,
        "flag": "False",
        "flag_reason": null
      },
      "non_fib_no": {
        "name": "Non-Fib + NO Majority",
        "n": 1734,
        "win_rate": 0.6689734717416378,
        "avg_price": 61.66088924473766,
        "breakeven": 0.6166088924473766,
        "edge": 0.05236457929426119,
        "p_value": 3.650324128301463e-06,
        "flag": "True",
        "flag_reason": "POTENTIAL EDGE >5%"
      }
    },
    "LSD-002": {
      "name": "Prime + NO Majority",
      "n": 1135,
      "win_rate": 0.7048458149779736,
      "avg_price": 67.01065287390549,
      "breakeven": 0.6701065287390549,
      "edge": 0.034739286238918754,
      "p_value": 0.006401520757898904,
      "flag": "False",
      "flag_reason": null
    },
    "LSD-003": {
      "blessed_no": {
        "name": "Blessed (Non-Cursed) NO",
        "n": 3508,
        "win_rate": 0.6955530216647663,
        "avg_price": 66.7852106940521,
        "breakeven": 0.667852106940521,
        "edge": 0.027700914724245296,
        "p_value": 0.000247435347107694,
        "flag": "False",
        "flag_reason": null
      },
      "cursed_no": {
        "name": "Cursed NO (Avoid)",
        "n": 125,
        "win_rate": 0.224,
        "avg_price": 27.45185231521019,
        "breakeven": 0.2745185231521019,
        "edge": -0.050518523152101896,
        "p_value": 0.8971771580583648,
        "flag": "False",
        "flag_reason": null
      },
      "improvement": 0.07821943787634719
    },
    "LSD-004": {
      "mega_stack_4": {
        "name": "Mega Stack (4 signals)",
        "n": 154,
        "win_rate": 0.8636363636363636,
        "avg_price": 70.27750853107915,
        "breakeven": 0.7027750853107915,
        "edge": 0.16086127832557218,
        "p_value": 6.275694147017674e-06,
        "flag": "True",
        "flag_reason": "POTENTIAL EDGE >5%"
      },
      "mega_stack_3": {
        "name": "3-Signal Stack",
        "n": 272,
        "win_rate": 0.8529411764705882,
        "avg_price": 74.24059372841673,
        "breakeven": 0.7424059372841673,
        "edge": 0.11053523918642094,
        "p_value": 1.5319724236961818e-05,
        "flag": "True",
        "flag_reason": "POTENTIAL EDGE >5%"
      }
    },
    "LSD-005": {
      "fade_drunk_yes": {
        "name": "Fade Drunk YES (bet NO)",
        "n": 1172,
        "win_rate": 0.9121160409556314,
        "avg_price": 87.87947960771922,
        "breakeven": 0.8787947960771922,
        "edge": 0.03332124487843913,
        "p_value": 0.00023679175883739578,
        "flag": "False",
        "flag_reason": null
      },
      "fade_drunk_no": {
        "name": "Fade Drunk NO (bet YES)",
        "n": 264,
        "win_rate": 0.9204545454545454,
        "avg_price": 88.23797627817883,
        "breakeven": 0.8823797627817883,
        "edge": 0.0380747826727571,
        "p_value": 0.027409584078824767,
        "flag": "False",
        "flag_reason": null
      }
    },
    "WILD-001": {
      "tested": true
    },
    "WILD-002": {
      "seven_no": {
        "name": "Exactly 7 + NO Majority",
        "n": 112,
        "win_rate": 0.75,
        "avg_price": 73.70280612244899,
        "breakeven": 0.7370280612244899,
        "edge": 0.012971938775510061,
        "p_value": 0.37758505509255436,
        "flag": "False",
        "flag_reason": null
      },
      "seven_yes": {
        "name": "Exactly 7 + YES Majority",
        "n": 404,
        "win_rate": 0.33663366336633666,
        "avg_price": 38.011315417256014,
        "breakeven": 0.38011315417256014,