{
  "hypothesis": "H087_refined",
  "description": "Follow Round-Size Bot NO Consensus when NO price < 45c",
  "signal": "Markets where >60% of round-size trades (10,25,50,100,250,500,1000) are NO bets AND NO price < 45c",
  "action": "Bet NO at current NO price",
  "validation": {
    "status": "OK",
    "description": "Bot NO + Lev>2.5",
    "markets": 105,
    "win_rate": 0.9238095238095239,
    "breakeven": 0.3460661974210029,
    "edge_pct": 57.7743326388521,
    "profit": 97668.35894308498,
    "concentration": 0.06944579807640446,
    "p_value": 1.9368463285497037e-35,
    "improvement_pct": 42.19014292921173,
    "first_half_edge": 56.37640571446365,
    "second_half_edge": 59.14588358353507,
    "avg_no_price": 34.60661974210029,
    "passes_markets": true,
    "passes_concentration": true,
    "passes_significance": true,
    "passes_proxy_check": true,
    "passes_temporal": true
  },
  "is_validated": true,
  "price_threshold_analysis": {
    "threshold_20": {
      "status": "OK",
      "description": "H087 NO consensus, NO<20c",
      "markets": 774,
      "win_rate": 0.9728682170542635,
      "breakeven": 0.05348154999608488,
      "edge_pct": 91.93866670581787,
      "profit": 194750.03003066382,
      "concentration": 0.016804778204336034,
      "p_value": 0.0,
      "improvement_pct": 42.25888140292643,
      "first_half_edge": 92.42556964998825,
      "second_half_edge": 91.45176376164747,
      "avg_no_price": 5.348154999608488,
      "passes_markets": true,
      "passes_concentration": true,
      "passes_significance": true,
      "passes_proxy_check": true,
      "passes_temporal": true
    },
    "threshold_25": {
      "status": "OK",
      "description": "H087 NO consensus, NO<25c",
      "markets": 855,
      "win_rate": 0.9672514619883041,
      "breakeven": 0.06935614541404014,
      "edge_pct": 89.78953165742641,
      "profit": 228131.63233225106,
      "concentration": 0.018274351333949394,
      "p_value": 0.0,
      "improvement_pct": 42.28119258527545,
      "first_half_edge": 90.4170670404277,
      "second_half_edge": 89.16346247859099,
      "avg_no_price": 6.935614541404014,
      "passes_markets": true,
      "passes_concentration": true,
      "passes_significance": true,
      "passes_proxy_check": true,
      "passes_temporal": true
    },
    "threshold_30": {
      "status": "OK",
      "description": "H087 NO consensus, NO<30c",
      "markets": 944,
      "win_rate": 0.9629237288135594,
      "breakeven": 0.0886601626678856,
      "edge_pct": 87.42635661456738,
      "profit": 281760.98280448926,
      "concentration": 0.023498335856993336,
      "p_value": 0.0,
      "improvement_pct": 42.8132233244759,
      "first_half_edge": 88.02024019369561,
      "second_half_edge": 86.83247303543914,
      "avg_no_price": 8.86601626678856,
      "passes_markets": true,
      "passes_concentration": true,
      "passes_significance": true,
      "passes_proxy_check": true,
      "passes_temporal": true
    },
    "threshold_35": {
      "status": "OK",
      "description": "H087 NO consensus, NO<35c",
      "markets": 1049,
      "win_rate": 0.9580552907530981,
      "breakeven": 0.11268764910035861,
      "edge_pct": 84.53676416527396,
      "profit": 357464.86152959714,
      "concentration": 0.020369988882241126,
      "p_value": 0.0,
      "improvement_pct": 42.74912198450174,
      "first_half_edge": 84.44814894794635,
      "second_half_edge": 84.62521059171144,
      "avg_no_price": 11.268764910035861,
      "passes_markets": true,
      "passes_concentration": true,
      "passes_significance": true,
      "passes_proxy_check": true,
      "passes_temporal": true
    },
    "threshold_40": {
      "status": "OK",
      "description": "H087 NO consensus, NO<40c",
      "markets": 1169,
      "win_rate": 0.9486740804106074,
      "breakeven": 0.13947137369556822,
      "edge_pct": 80.92027067150391,
      "profit": 467330.2609714936,
      "concentration": 0.01711846057217565,
      "p_value": 0.0,
      "improvement_pct": 41.93923138739333,
      "first_half_edge": 81.45113254376957,
      "second_half_edge": 80.39031625543016,
      "avg_no_price": 13.947137369556822,
      "passes_markets": true,
      "passes_concentration": true,
      "passes_significance": true,
      "passes_proxy_check": true,
      "passes_temporal": true
    },
    "threshold_45": {
      "status": "OK",
      "description": "H087 NO consensus, NO<45c",
      "markets": 1287,
      "win_rate": 0.9308469308469308,
      "breakeven": 0.1652023071735795,
      "edge_pct": 76.56446236733512,
      "profit": 523850.2200656823,
      "concentration": 0.01565582841187351,
      "p_value": 0.0,
      "improvement_pct": 40.24745073741652,
      "first_half_edge": 76.1670050641821,
      "second_half_edge": 76.96130250076277,
      "avg_no_price": 16.52023071735795,
      "passes_markets": true,
      "passes_concentration": true,
      "passes_significance": true,
      "passes_proxy_check": true,
      "passes_temporal": true
    },
    "threshold_50": {
      "status": "OK",
      "description": "H087 NO consensus, NO<50c",
      "markets": 1411,
      "win_rate": 0.8993621545003544,
      "breakeven": 0.19235360720920966,
      "edge_pct": 70.70085472911447,
      "profit": 514034.2535450271,
      "concentration": 0.09519573273438438,
      "p_value": 0.0,
      "improvement_pct": 36.66504589084055,
      "first_half_edge": 69.35677332828155,
      "second_half_edge": 72.0430323319292,
      "avg_no_price": 19.235360720920966,
      "passes_markets": true,
      "passes_concentration": true,
      "passes_significance": true,
      "passes_proxy_check": true,
      "passes_temporal": true
    }
  }
}