{
  "timestamp": "2025-12-29T15:04:57.292407",
  "results": {
    "H078": {
      "is_proxy": true,
      "signal_edge": 6.455034486243161,
      "baseline_edge": 6.455034486243161,
      "improvement": 0.0,
      "n_signal_markets": 4616,
      "n_baseline_markets": 4616,
      "price_range": [
        67,
        70
      ],
      "signal_win_rate": 75.073938036124,
      "baseline_win_rate": 75.073938036124
    },
    "H084": {
      "is_proxy": true,
      "signal_edge": 1.9158137154554722,
      "baseline_edge": 2.1190110826939446,
      "improvement": -0.20319736723847237,
      "n_signal_markets": 3908,
      "n_baseline_markets": 5865,
      "price_range": [
        1,
        100
      ],
      "signal_win_rate": 78.81269191402251,
      "baseline_win_rate": 65.14919011082694
    },
    "H072": {
      "signal_edge": 33.00093023255815,
      "baseline_edge": 24.871602624179946,
      "improvement": 8.129327608378201,
      "is_proxy": false,
      "all_fade_edge": 24.683641437042205,
      "high_vol_improvement": 8.317288795515942
    },
    "H070": {
      "is_proxy": false,
      "signal_edge": 3.4746374003202907,
      "baseline_edge": 2.3997668421961937,
      "improvement": 1.074870558124097,
      "n_signal_markets": 617,
      "n_baseline_markets": 3132,
      "price_range": [
        76,
        99
      ],
      "signal_win_rate": 92.77878861650208,
      "baseline_win_rate": 91.60163072694284
    }
  }
}