{
  "s010": {
    "status": "rejected",
    "reason": "price_proxy_buckets",
    "edge": 0.05994170548971944,
    "improvement": 0.042641528553165164,
    "pos_buckets": 5,
    "neg_buckets": 5,
    "n": 484
  },
  "s012": {
    "status": "rejected",
    "reason": "not_significant",
    "p": 0.04867286287853845
  },
  "s013": {
    "status": "validated",
    "edge": 0.11290203290878786,
    "improvement": 0.08024193578606065,
    "pos_buckets": 7,
    "neg_buckets": 1,
    "n": 485,
    "p_value": 5.043452455666397e-08
  }
}