{
  "H087": {
    "status": "OK",
    "description": "H087: Fade Round Size Bot Consensus (>60% YES)",
    "markets": 6508,
    "trades": 1232915,
    "win_rate": 0.657959434542102,
    "breakeven": 0.6145614946311747,
    "edge_pct": 4.3397939910927334,
    "profit": -3000091.509999999,
    "concentration": 0.0793047626968813,
    "p_value": 2.317715081845534e-13,
    "avg_yes_price": 38.54385053688253,
    "avg_no_price": 61.45614946311747,
    "baseline_edge_pct": 7.4930204044548425,
    "improvement_pct": -3.153226413362109,
    "is_price_proxy": true,
    "passes_markets": true,
    "passes_concentration": true,
    "passes_significance": true,
    "passes_proxy_check": false,
    "is_validated": false
  },
  "H087_follow": {
    "status": "OK",
    "description": "H087b: Follow Round Size Bot NO Consensus (>60% NO)",
    "markets": 1936,
    "trades": 91061,
    "win_rate": 0.7045454545454546,
    "breakeven": 0.3979784267623719,
    "edge_pct": 30.65670277830827,
    "profit": 320758.5399999998,
    "concentration": 0.09847434050840202,
    "p_value": 8.257174927011413e-164,
    "avg_yes_price": 60.20215732376281,
    "avg_no_price": 39.79784267623719,
    "baseline_edge_pct": 0.2461615363320513,
    "improvement_pct": 30.41054124197622,
    "is_price_proxy": false,
    "passes_markets": true,
    "passes_concentration": true,
    "passes_significance": true,
    "passes_proxy_check": true,
    "is_validated": true
  },
  "H088": {
    "status": "OK",
    "description": "H088: Follow Burst Consensus (>80% YES in same second)",
    "markets": 3939,
    "trades": 1447213,
    "win_rate": 0.5356689515105356,
    "breakeven": 0.5039122990847895,
    "edge_pct": 3.17566524257461,
    "profit": -2862563.389999998,
    "concentration": 0.07521866756322751,
    "p_value": 3.560107751054576e-05,
    "avg_yes_price": 49.608770091521045,
    "avg_no_price": 50.391229908478955,
    "baseline_edge_pct": 4.221003441080285,
    "improvement_pct": -1.0453381985056747,
    "is_price_proxy": true,
    "passes_markets": true,
    "passes_concentration": true,
    "passes_significance": true,
    "passes_proxy_check": false,
    "is_validated": false
  },
  "H088_fade": {
    "status": "OK",
    "description": "H088b: FADE Burst Consensus (Fade >80% YES bursts)",
    "markets": 3939,
    "trades": 1447213,
    "win_rate": 0.5356689515105356,
    "breakeven": 0.5039122990847895,
    "edge_pct": 3.17566524257461,
    "profit": -2862563.389999998,
    "concentration": 0.07521866756322751,
    "p_value": 3.560107751054576e-05,
    "avg_yes_price": 49.608770091521045,
    "avg_no_price": 50.391229908478955,
    "baseline_edge_pct": 4.221003441080285,
    "improvement_pct": -1.0453381985056747,
    "is_price_proxy": true,
    "passes_markets": true,
    "passes_concentration": true,
    "passes_significance": true,
    "passes_proxy_check": false,
    "is_validated": false
  },
  "H090": {
    "status": "OK",
    "description": "H090: Follow Bot Accumulation (3+ identical YES trades)",
    "markets": 1194,
    "trades": 1044592,
    "win_rate": 0.5804020100502513,
    "breakeven": 0.5397004045499485,
    "edge_pct": 4.070160550030277,
    "profit": -1287993.999999999,
    "concentration": 0.09181227532040057,
    "p_value": 0.002560589822467668,
    "avg_yes_price": 46.02995954500515,
    "avg_no_price": 53.97004045499485,
    "baseline_edge_pct": 5.340142781511792,
    "improvement_pct": -1.2699822314815155,
    "is_price_proxy": true,
    "passes_markets": true,
    "passes_concentration": true,
    "passes_significance": true,
    "passes_proxy_check": false,
    "is_validated": false
  },
  "H090_fade": {
    "status": "OK",
    "description": "H090b: FADE Bot Accumulation",
    "markets": 1194,
    "trades": 1044592,
    "win_rate": 0.5804020100502513,
    "breakeven": 0.5397004045499485,
    "edge_pct": 4.070160550030277,
    "profit": -1287993.999999999,
    "concentration": 0.09181227532040057,
    "p_value": 0.002560589822467668,
    "avg_yes_price": 46.02995954500515,
    "avg_no_price": 53.97004045499485,
    "baseline_edge_pct": 5.340142781511792,
    "improvement_pct": -1.2699822314815155,
    "is_price_proxy": true,
    "passes_markets": true,
    "passes_concentration": true,
    "passes_significance": true,
    "passes_proxy_check": false,
    "is_validated": false
  },
  "H094": {
    "status": "OK",
    "description": "H094: FADE After-Hours YES Consensus",
    "markets": 6625,
    "trades": 1064072,
    "win_rate": 0.8344150943396227,
    "breakeven": 0.7900356442604374,
    "edge_pct": 4.437945007918531,
    "profit": -3282586.5599999996,
    "concentration": 0.09006357260452659,
    "p_value": 4.2705465446084724e-20,
    "avg_yes_price": 20.99643557395626,
    "avg_no_price": 79.00356442604374,
    "baseline_edge_pct": 10.897453303190419,
    "improvement_pct": -6.459508295271888,
    "is_price_proxy": true,
    "passes_markets": true,
    "passes_concentration": true,
    "passes_significance": true,
    "passes_proxy_check": false,
    "is_validated": false
  },
  "H094_follow": {
    "status": "OK",
    "description": "H094b: Follow After-Hours NO Consensus",
    "markets": 535,
    "trades": 71597,
    "win_rate": 0.5925233644859813,
    "breakeven": 0.4554466052546763,
    "edge_pct": 13.707675923130502,
    "profit": 1223091.9600000002,
    "concentration": 0.47209343508597623,
    "p_value": 1.383014632939462e-10,
    "avg_yes_price": 54.45533947453237,
    "avg_no_price": 45.54466052546763,
    "baseline_edge_pct": 2.1709178040239028,
    "improvement_pct": 11.536758119106599,
    "is_price_proxy": false,
    "passes_markets": true,
    "passes_concentration": false,
    "passes_significance": true,
    "passes_proxy_check": true,
    "is_validated": false
  },
  "H097": {
    "status": "OK",
    "description": "H097: Follow Bot Consensus (>80% YES)",
    "markets": 5701,
    "trades": 468059,
    "win_rate": 0.6691808454657078,
    "breakeven": 0.6375125638088105,
    "edge_pct": 3.166828165689728,
    "profit": -4711064.419999999,
    "concentration": 0.1871887116069497,
    "p_value": 2.9825198794643546e-07,
    "avg_yes_price": 36.248743619118954,
    "avg_no_price": 63.751256380881046,
    "baseline_edge_pct": 8.590703966336456,
    "improvement_pct": -5.423875800646728,
    "is_price_proxy": true,
    "passes_markets": true,
    "passes_concentration": true,
    "passes_significance": true,
    "passes_proxy_check": false,
    "is_validated": false
  },
  "H097_fade": {
    "status": "OK",
    "description": "H097b: FADE Bot Consensus (Fade >80% YES)",
    "markets": 5701,
    "trades": 468059,
    "win_rate": 0.6691808454657078,
    "breakeven": 0.6375125638088105,
    "edge_pct": 3.166828165689728,
    "profit": -4711064.419999999,
    "concentration": 0.1871887116069497,
    "p_value": 2.9825198794643546e-07,
    "avg_yes_price": 36.248743619118954,
    "avg_no_price": 63.751256380881046,
    "baseline_edge_pct": 8.590703966336456,
    "improvement_pct": -5.423875800646728,
    "is_price_proxy": true,
    "passes_markets": true,
    "passes_concentration": true,
    "passes_significance": true,
    "passes_proxy_check": false,
    "is_validated": false
  }
}