{
  "data_stats": {
    "total_trades": 1619902,
    "unique_markets": 72791,
    "markets_with_outcomes": 72787
  },
  "verified_strategies": {
    "0-10c": {
      "n_markets": 38903,
      "no_win_rate": 0.9826491530216178,
      "avg_no_price": 0.9681464154435392,
      "breakeven": 0.9681464154435392,
      "edge": 0.014502737578078628,
      "total_profit": 564.2000000000006
    },
    "10-20c": {
      "n_markets": 12843,
      "no_win_rate": 0.9065638869423032,
      "avg_no_price": 0.8604796387136961,
      "breakeven": 0.8604796387136961,
      "edge": 0.046084248228607017,
      "total_profit": 591.8599999999999
    },
    "20-30c": {
      "n_markets": 7040,
      "no_win_rate": 0.8132102272727273,
      "avg_no_price": 0.7590056818181818,
      "breakeven": 0.7590056818181818,
      "edge": 0.05420454545454545,
      "total_profit": 381.59999999999997
    },
    "30-40c": {
      "n_markets": 4272,
      "no_win_rate": 0.7336142322097379,
      "avg_no_price": 0.6591175093632958,
      "breakeven": 0.6591175093632958,
      "edge": 0.07449672284644204,
      "total_profit": 318.2500000000001
    },
    "40-50c": {
      "n_markets": 2914,
      "no_win_rate": 0.6070693205216198,
      "avg_no_price": 0.5578002745367193,
      "breakeven": 0.5578002745367193,
      "edge": 0.04926904598490045,
      "total_profit": 143.56999999999988
    },
    "50-60c": {
      "n_markets": 1621,
      "no_win_rate": 0.512646514497224,
      "avg_no_price": 0.460814312152992,
      "breakeven": 0.460814312152992,
      "edge": 0.05183220234423197,
      "total_profit": 84.02000000000001
    },
    "60-70c": {
      "n_markets": 750,
      "no_win_rate": 0.42133333333333334,
      "avg_no_price": 0.36158666666666667,
      "breakeven": 0.36158666666666667,
      "edge": 0.05974666666666667,
      "total_profit": 44.81
    },
    "70-80c": {
      "n_markets": 600,
      "no_win_rate": 0.22333333333333333,
      "avg_no_price": 0.2571,
      "breakeven": 0.2571,
      "edge": -0.03376666666666667,
      "total_profit": -20.260000000000005
    },
    "80-90c": {
      "n_markets": 643,
      "no_win_rate": 0.1166407465007776,
      "avg_no_price": 0.16654743390357696,
      "breakeven": 0.16654743390357696,
      "edge": -0.049906687402799355,
      "total_profit": -32.08999999999999
    },
    "90-100c": {
      "n_markets": 3201,
      "no_win_rate": 0.02936582318025617,
      "avg_no_price": 0.024682911590128094,
      "breakeven": 0.024682911590128094,
      "edge": 0.004682911590128076,
      "total_profit": 14.98999999999996
    }
  }
}