{
  "H054": {
    "strategy": "H054: Long YES Runs (Fade)",
    "n_markets": 5763,
    "no_win_rate": 0.6425472844004858,
    "breakeven": 0.5811643241367344,
    "edge": 0.06138296026375145,
    "p_value": 0.0,
    "weighted_improvement": 0.0182345194373427,
    "is_valid": true
  },
  "H056": {
    "strategy": "H056: Follow Extreme NO (>85c)",
    "n_markets": 5201,
    "no_win_rate": 0.9082868679100173,
    "breakeven": 0.9487384575891545,
    "edge": -0.0404515896791372,
    "p_value": 1.0,
    "improvement": -0.032826785789448754,
    "max_concentration": 0.11735054645831083,
    "is_valid": false
  },
  "timestamp": "2025-12-29T17:13:02.225222"
}