{
  "H065_leverage": [
    {
      "status": "VALIDATED",
      "strategy": "fade_high_leverage_yes_gt2",
      "description": "Bet NO when retail bets YES with leverage > 2",
      "n_markets": 54409,
      "win_rate": 0.9160433016596519,
      "breakeven": 0.8810486344888985,
      "edge_pct": 3.499466717075339,
      "total_profit": 190402.48460935242,
      "concentration": 0.00041620464643383803,
      "p_value": 2.3400198979965753e-154,
      "bonferroni_significant": 