{
  "timestamp": "2025-12-29T15:33:03.000811",
  "session": "Session 011 Part 2: Deep Validation",
  "original_s008": {
    "window": "11PM-3AM ET, Fri/Sat, Lev>3x",
    "n_trades": 31755,
    "n_markets": 631,
    "win_rate": 92.46356985163516,
    "breakeven": 89.30134631994221,
    "edge": 3.1622235316929426,
    "p_value": 0.005449173744308521,
    "concentration": 20.90841548081606,
    "avg_fade_price": 89.30134631994221,
    "total_fade_profit": 168609,
    "improvement": 0.7876328479158978
  },
  "recommended_extended": {
    "window": "6PM-11PM ET, Fri/Sat, Lev>2x",
    "n_trades": 97989,
    "n_markets": 1217,
    "win_rate": 88.24713682075861,
    "breakeven": 84.2355732124528,
    "edge": 4.011563608305801,
    "p_value": 5.761374420342195e-05,
    "concentration": 10.505059973674857,
    "avg_fade_price": 84.2355732124528,
    "total_fade_profit": 460182,
    "improvement": 1.2037539592471331
  },
  "category_breakdown": {
    "KXNFL": {
      "n_trades": 3499,
      "n_markets": 362,
      "edge": 1.3117035562033807,
      "p_value": 0.283390515581408
    },
    "KXNHL": {
      "n_trades": 5290,
      "n_markets": 132,
      "edge": 3.2390328801473633,
      "p_value": 0.1887159829356734
    },
    "KXNCAAF": {
      "n_trades": 40366,
      "n_markets": 216,
      "edge": 7.655176404181452,
      "p_value": 0.0004189228329434016
    },
    "KXNCAAMB": {
      "n_trades": 9886,
      "n_markets": 213,
      "edge": 5.0653115199122745,
      "p_value": 0.036411007170962545
    },
    "KXUFC": {
      "n_trades": 8269,
      "n_markets": 25,
      "edge": -4.731553196339123,
      "p_value": 0.9016694449579131
    },
    "KXNBA": {
      "n_trades": 30619,
      "n_markets": 264,
      "edge": 5.103022797544787,
      "p_value": 0.011888346458403809
    },
    "KXTENNIS": {
      "n_trades": 60,
      "n_markets": 5,
      "edge": 3.6690476190476273,
      "p_value": 1.0
    }
  },
  "day_breakdown": {
    "Sat": {
      "n_trades": 51001,
      "n_markets": 676,
      "edge": 3.4228590921136948,
      "p_value": 0.008372107442068196
    },
    "Fri": {
      "n_trades": 46988,
      "n_markets": 708,
      "edge": 3.3558143334486923,
      "p_value": 0.008303309082906074
    }
  },
  "hour_breakdown": {
    "18:00": {
      "n_trades": 9179,
      "n_markets": 404,
      "edge": 1.8376676514311518,
      "p_value": 0.22952131216020963
    },
    "19:00": {
      "n_trades": 3620,
      "n_markets": 160,
      "edge": 0.22039428305962172,
      "p_value": 0.5215485378394005
    },
    "20:00": {
      "n_trades": 2706,
      "n_markets": 155,
      "edge": -0.3527044854583661,
      "p_value": 0.6466242920199354
    },
    "21:00": {
      "n_trades": 24317,
      "n_markets": 440,
      "edge": 2.525816472373099,
      "p_value": 0.10136281443935914
    },
    "22:00": {
      "n_trades": 22918,
      "n_markets": 498,
      "edge": 1.5913386351292802,
      "p_value": 0.21089536917390644
    },
    "23:00": {
      "n_trades": 35249,
      "n_markets": 575,
      "edge": 0.8645160281424369,
      "p_value": 0.33464824970725093
    }
  },
  "leverage_breakdown": {
    "2-3x": {
      "n_trades": 20060,
      "n_markets": 519,
      "edge": 6.04731740545279,
      "p_value": 0.0015694065909485845
    },
    "3-5x": {
      "n_trades": 19203,
      "n_markets": 509,
      "edge": 7.210197855280298,
      "p_value": 2.4781420214511342e-05
    },
    "5-10x": {
      "n_trades": 21224,
      "n_markets": 412,
      "edge": 5.866128748440424,
      "p_value": 0.0001354606274713137
    },
    "10x+": {
      "n_trades": 37502,
      "n_markets": 630,
      "edge": 1.8264130313398463,
      "p_value": 0.006633198650882055
    }
  }
}